성별,연령대별,사망원인 순위,사망원인,사망자수(명),사망률(십만명당)
성별,연령대별,사망원인 순위,사망원인,사망자수(명),사망률(십만명당)
계,전체,1위,악성신생물,88933,174
계,전체,2위,심장 질환,33539,66
계,전체,3위,폐렴,30103,59
계,전체,4위,뇌혈관 질환,24612,48
계,전체,5위,고의적 자해(자살),14872,29
계,전체,6위,알쯔하이머병,12223,24
계,전체,7위,당뇨병,11064,22
계,전체,8위,고혈압성 질환,8229,16
계,전체,9위,간의 질환,7787,15
계,전체,10위,패혈증,7730,15
계,0세,1위,출생전후기에 기원한 특정 병태,255,111
계,0세,2위,선천 기형 변형 및 염색체 이상,104,45
계,0세,3위,영아 급사 증후군,47,20
계,0세,4위,가해(타살),12,5
계,0세,5위,심장 질환,9,4
계,0세,6위,악성신생물,7,3
계,0세,7위,폐렴,6,3
계,0세,8위,나머지 특정 감염성 및 기생충성 질환,3,1
계,0세,9위,뇌혈관 질환,3,1
계,0세,10위,기타 급성 하기도 감염,3,1
계,1-9세,1위,악성신생물,53,2
계,1-9세,2위,선천 기형 변형 및 염색체 이상,29,1
계,1-9세,3위,가해(타살),23,1
계,1-9세,4위,운수 사고,19,1
계,1-9세,5위,심장 질환,15,1
계,1-9세,6위,불의의 물에 빠짐(익사),10,0
계,1-9세,7위,폐렴,7,0
계,1-9세,8위,출생전후기에 기원한 특정 병태,6,0
계,1-9세,9위,추락,5,0
계,1-9세,10위,뇌혈관 질환,4,0
계,10-19세,1위,고의적 자해(자살),372,8
계,10-19세,2위,악성신생물,91,2
계,10-19세,3위,운수 사고,66,1
계,10-19세,4위,심장 질환,22,1
계,10-19세,5위,선천 기형 변형 및 염색체 이상,22,1
계,10-19세,6위,불의의 물에 빠짐(익사),11,0
계,10-19세,7위,가해(타살),11,0
계,10-19세,8위,뇌혈관 질환,9,0
계,10-19세,9위,폐렴,8,0
계,10-19세,10위,패혈증,6,0
계,20-29세,1위,고의적 자해(자살),1366,23
계,20-29세,2위,악성신생물,274,5
계,20-29세,3위,운수 사고,188,3
계,20-29세,4위,심장 질환,54,1
계,20-29세,5위,뇌혈관 질환,44,1
계,20-29세,6위,추락,29,1
계,20-29세,7위,간의 질환,26,0
계,20-29세,8위,폐렴,25,0
계,20-29세,9위,당뇨병,24,0
계,20-29세,10위,가해(타살),23,0
계,30-39세,1위,고의적 자해(자살),1995,30
계,30-39세,2위,악성신생물,680,10
계,30-39세,3위,심장 질환,242,4
계,30-39세,4위,간의 질환,207,3
계,30-39세,5위,운수 사고,192,3
계,30-39세,6위,뇌혈관 질환,172,3
계,30-39세,7위,당뇨병,84,1
계,30-39세,8위,폐렴,50,1
계,30-39세,9위,추락,42,1
계,30-39세,10위,유독성 물질에 의한 불의의 중독 및 노출 ,27,0
계,40-49세,1위,고의적 자해(자살),2817,36
계,40-49세,2위,악성신생물,2659,34
계,40-49세,3위,간의 질환,946,12
계,40-49세,4위,심장 질환,750,10
계,40-49세,5위,뇌혈관 질환,572,7
계,40-49세,6위,운수 사고,289,4
계,40-49세,7위,당뇨병,213,3
계,40-49세,8위,폐렴,163,2
계,40-49세,9위,정신활성 물질 사용에 의한 정신 및 행동 장애 ,133,2
계,40-49세,10위,추락,109,1
계,50-59세,1위,악성신생물,8916,103
계,50-59세,2위,고의적 자해(자살),3151,37
계,50-59세,3위,심장 질환,2088,24
계,50-59세,4위,간의 질환,2052,24
계,50-59세,5위,뇌혈관 질환,1475,17
계,50-59세,6위,당뇨병,765,9
계,50-59세,7위,폐렴,512,6
계,50-59세,8위,운수 사고,484,6
계,50-59세,9위,추락,369,4
계,50-59세,10위,정신활성 물질 사용에 의한 정신 및 행동 장애 ,315,4
계,60-69세,1위,악성신생물,19743,257
계,60-69세,2위,심장 질환,3997,52
계,60-69세,3위,뇌혈관 질환,3004,39
계,60-69세,4위,고의적 자해(자살),2449,32
계,60-69세,5위,간의 질환,2000,26
계,60-69세,6위,폐렴,1730,23
계,60-69세,7위,당뇨병,1632,21
계,60-69세,8위,운수 사고,803,11
계,60-69세,9위,추락,587,8
계,60-69세,10위,패혈증,537,7
계,70-79세,1위,악성신생물,24960,614
계,70-79세,2위,심장 질환,5949,146
계,70-79세,3위,뇌혈관 질환,5152,127
계,70-79세,4위,폐렴,4797,118
계,70-79세,5위,당뇨병,2481,61
계,70-79세,6위,고의적 자해(자살),1448,36
계,70-79세,7위,만성 하기도 질환,1418,35
계,70-79세,8위,패혈증,1342,33
계,70-79세,9위,알쯔하이머병,1193,29
계,70-79세,10위,간의 질환,1193,29
계,80세 이상,1위,악성신생물,31547,1320
계,80세 이상,2위,폐렴,22797,954
계,80세 이상,3위,심장 질환,20411,854
계,80세 이상,4위,뇌혈관 질환,14175,593
계,80세 이상,5위,알쯔하이머병,10622,444
계,80세 이상,6위,고혈압성 질환,6431,269
계,80세 이상,7위,당뇨병,5860,245
계,80세 이상,8위,패혈증,5569,233
계,80세 이상,9위,만성 하기도 질환,4263,178
계,80세 이상,10위,코로나19,2316,97
계,15세 미만,1위,출생전후기에 기원한 특정 병태,261,5
계,15세 미만,2위,선천 기형 변형 및 염색체 이상,148,3
계,15세 미만,3위,악성신생물,101,2
계,15세 미만,4위,고의적 자해(자살),82,2
계,15세 미만,5위,영아 급사 증후군,47,1
계,15세 미만,6위,가해(타살),39,1
계,15세 미만,7위,심장 질환,34,1
계,15세 미만,8위,운수 사고,33,1
계,15세 미만,9위,불의의 물에 빠짐(익사),16,0
계,15세 미만,10위,폐렴,14,0
계,15-64세,1위,악성신생물,21250,60
계,15-64세,2위,고의적 자해(자살),11015,31
계,15-64세,3위,심장 질환,4899,14
계,15-64세,4위,간의 질환,4330,12
계,15-64세,5위,뇌혈관 질환,3548,10
계,15-64세,6위,당뇨병,1842,5
계,15-64세,7위,운수 사고,1578,4
계,15-64세,8위,폐렴,1407,4
계,15-64세,9위,추락,829,2
계,15-64세,10위,정신활성 물질 사용에 의한 정신 및 행동 장애 ,645,2
계,15-39세,1위,고의적 자해(자살),3651,24
계,15-39세,2위,악성신생물,1004,7
계,15-39세,3위,운수 사고,433,3
계,15-39세,4위,심장 질환,308,2
계,15-39세,5위,간의 질환,233,2
계,15-39세,6위,뇌혈관 질환,223,2
계,15-39세,7위,당뇨병,112,1
계,15-39세,8위,폐렴,82,1
계,15-39세,9위,추락,75,1
계,15-39세,10위,가해(타살),54,0
계,40-64세,1위,악성신생물,20246,98
계,40-64세,2위,고의적 자해(자살),7364,36
계,40-64세,3위,심장 질환,4591,22
계,40-64세,4위,간의 질환,4097,20
계,40-64세,5위,뇌혈관 질환,3325,16
계,40-64세,6위,당뇨병,1730,8
계,40-64세,7위,폐렴,1325,6
계,40-64세,8위,운수 사고,1145,6
계,40-64세,9위,추락,754,4
계,40-64세,10위,정신활성 물질 사용에 의한 정신 및 행동 장애 ,624,3
계,65세 이상,1위,악성신생물,67579,679
계,65세 이상,2위,폐렴,28674,288
계,65세 이상,3위,심장 질환,28604,287
계,65세 이상,4위,뇌혈관 질환,21053,212
계,65세 이상,5위,알쯔하이머병,12043,121
계,65세 이상,6위,당뇨병,9221,93
계,65세 이상,7위,고혈압성 질환,7774,78
계,65세 이상,8위,패혈증,7250,73
계,65세 이상,9위,만성 하기도 질환,6022,61
계,65세 이상,10위,고의적 자해(자살),3775,38
계,65-74세,1위,악성신생물,22815,392
계,65-74세,2위,심장 질환,4672,80
계,65-74세,3위,뇌혈관 질환,3778,65
계,65-74세,4위,폐렴,2755,47
계,65-74세,5위,당뇨병,1927,33
계,65-74세,6위,고의적 자해(자살),1837,32
계,65-74세,7위,간의 질환,1499,26
계,65-74세,8위,만성 하기도 질환,896,15
계,65-74세,9위,패혈증,848,15
계,65-74세,10위,운수 사고,805,14
계,75세 이상,1위,악성신생물,44764,1084
계,75세 이상,2위,폐렴,25919,628
계,75세 이상,3위,심장 질환,23932,580
계,75세 이상,4위,뇌혈관 질환,17275,418
계,75세 이상,5위,알쯔하이머병,11445,277
계,75세 이상,6위,당뇨병,7294,177
계,75세 이상,7위,고혈압성 질환,7114,172
계,75세 이상,8위,패혈증,6402,155
계,75세 이상,9위,만성 하기도 질환,5126,124
계,75세 이상,10위,코로나19,2694,65
남자,전체,1위,악성신생물,54648,215
남자,전체,2위,심장 질환,16805,66
남자,전체,3위,폐렴,15622,62
남자,전체,4위,뇌혈관 질환,12219,48
남자,전체,5위,고의적 자해(자살),10605,42
남자,전체,6위,당뇨병,5891,23
남자,전체,7위,간의 질환,5532,22
남자,전체,8위,만성 하기도 질환,4227,17
남자,전체,9위,알쯔하이머병,3812,15
남자,전체,10위,패혈증,3081,12
남자,0세,1위,출생전후기에 기원한 특정 병태,147,125
남자,0세,2위,선천 기형 변형 및 염색체 이상,61,52
남자,0세,3위,영아 급사 증후군,31,26
남자,0세,4위,가해(타살),6,5
남자,0세,5위,악성신생물,3,3
남자,0세,6위,나머지 특정 감염성 및 기생충성 질환,2,2
남자,0세,7위,폐렴,2,2
남자,0세,8위,기타 급성 하기도 감염,2,2
남자,0세,9위,백일해,1,1
남자,0세,10위,수막염,1,1
남자,1-9세,1위,악성신생물,30,2
남자,1-9세,2위,선천 기형 변형 및 염색체 이상,14,1
남자,1-9세,3위,운수 사고,11,1
남자,1-9세,4위,불의의 물에 빠짐(익사),8,1
남자,1-9세,5위,가해(타살),8,1
남자,1-9세,6위,심장 질환,6,0
남자,1-9세,7위,폐렴,5,0
남자,1-9세,8위,추락,5,0
남자,1-9세,9위,뇌혈관 질환,3,0
남자,1-9세,10위,연기 불 및 불꽃에 노출,3,0
남자,10-19세,1위,고의적 자해(자살),176,7
남자,10-19세,2위,악성신생물,54,2
남자,10-19세,3위,운수 사고,48,2
남자,10-19세,4위,심장 질환,13,1
남자,10-19세,5위,선천 기형 변형 및 염색체 이상,12,1
남자,10-19세,6위,불의의 물에 빠짐(익사),9,0
남자,10-19세,7위,폐렴,6,0
남자,10-19세,8위,추락,6,0
남자,10-19세,9위,뇌혈관 질환,5,0
남자,10-19세,10위,가해(타살),4,0
남자,20-29세,1위,고의적 자해(자살),835,26
남자,20-29세,2위,운수 사고,156,5
남자,20-29세,3위,악성신생물,143,5
남자,20-29세,4위,심장 질환,36,1
남자,20-29세,5위,추락,20,1
남자,20-29세,6위,불의의 물에 빠짐(익사),18,1
남자,20-29세,7위,뇌혈관 질환,16,1
남자,20-29세,8위,간의 질환,16,1
남자,20-29세,9위,당뇨병,15,1
남자,20-29세,10위,폐렴,15,1
남자,30-39세,1위,고의적 자해(자살),1353,40
남자,30-39세,2위,악성신생물,299,9
남자,30-39세,3위,심장 질환,194,6
남자,30-39세,4위,운수 사고,158,5
남자,30-39세,5위,간의 질환,119,4
남자,30-39세,6위,뇌혈관 질환,116,3
남자,30-39세,7위,당뇨병,57,2
남자,30-39세,8위,추락,35,1
남자,30-39세,9위,폐렴,31,1
남자,30-39세,10위,유독성 물질에 의한 불의의 중독 및 노출 ,20,1
남자,40-49세,1위,고의적 자해(자살),2019,51
남자,40-49세,2위,악성신생물,1271,32
남자,40-49세,3위,간의 질환,650,17
남자,40-49세,4위,심장 질환,584,15
남자,40-49세,5위,뇌혈관 질환,368,9
남자,40-49세,6위,운수 사고,236,6
남자,40-49세,7위,당뇨병,161,4
남자,40-49세,8위,폐렴,111,3
남자,40-49세,9위,정신활성 물질 사용에 의한 정신 및 행동 장애 ,107,3
남자,40-49세,10위,추락,85,2
남자,50-59세,1위,악성신생물,5165,119
남자,50-59세,2위,고의적 자해(자살),2389,55
남자,50-59세,3위,심장 질환,1777,41
남자,50-59세,4위,간의 질환,1700,39
남자,50-59세,5위,뇌혈관 질환,1034,24
남자,50-59세,6위,당뇨병,603,14
남자,50-59세,7위,폐렴,384,9
남자,50-59세,8위,운수 사고,378,9
남자,50-59세,9위,추락,313,7
남자,50-59세,10위,정신활성 물질 사용에 의한 정신 및 행동 장애 ,292,7
남자,60-69세,1위,악성신생물,13499,357
남자,60-69세,2위,심장 질환,3135,83
남자,60-69세,3위,뇌혈관 질환,2146,57
남자,60-69세,4위,고의적 자해(자살),1869,50
남자,60-69세,5위,간의 질환,1650,44
남자,60-69세,6위,폐렴,1338,35
남자,60-69세,7위,당뇨병,1212,32
남자,60-69세,8위,운수 사고,616,16
남자,60-69세,9위,추락,507,13
남자,60-69세,10위,만성 하기도 질환,417,11
남자,70-79세,1위,악성신생물,16901,904
남자,70-79세,2위,심장 질환,3838,205
남자,70-79세,3위,폐렴,3312,177
남자,70-79세,4위,뇌혈관 질환,3141,168
남자,70-79세,5위,당뇨병,1549,83
남자,70-79세,6위,만성 하기도 질환,1123,60
남자,70-79세,7위,고의적 자해(자살),1065,57
남자,70-79세,8위,간의 질환,789,42
남자,70-79세,9위,패혈증,689,37
남자,70-79세,10위,알쯔하이머병,632,34
남자,80세 이상,1위,악성신생물,17283,2071
남자,80세 이상,2위,폐렴,10416,1248
남자,80세 이상,3위,심장 질환,7220,865
남자,80세 이상,4위,뇌혈관 질환,5389,646
남자,80세 이상,5위,알쯔하이머병,2922,350
남자,80세 이상,6위,만성 하기도 질환,2576,309
남자,80세 이상,7위,당뇨병,2291,275
남자,80세 이상,8위,패혈증,1846,221
남자,80세 이상,9위,고혈압성 질환,1784,214
남자,80세 이상,10위,코로나19,1131,136
남자,15세 미만,1위,출생전후기에 기원한 특정 병태,149,5
남자,15세 미만,2위,선천 기형 변형 및 염색체 이상,84,3
남자,15세 미만,3위,악성신생물,58,2
남자,15세 미만,4위,고의적 자해(자살),37,1
남자,15세 미만,5위,영아 급사 증후군,31,1
남자,15세 미만,6위,운수 사고,21,1
남자,15세 미만,7위,가해(타살),17,1
남자,15세 미만,8위,심장 질환,13,1
남자,15세 미만,9위,불의의 물에 빠짐(익사),13,1
남자,15세 미만,10위,추락,8,0
남자,15-64세,1위,악성신생물,12752,70
남자,15-64세,2위,고의적 자해(자살),7800,43
남자,15-64세,3위,심장 질환,4032,22
남자,15-64세,4위,간의 질환,3415,19
남자,15-64세,5위,뇌혈관 질환,2494,14
남자,15-64세,6위,당뇨병,1415,8
남자,15-64세,7위,운수 사고,1260,7
남자,15-64세,8위,폐렴,1071,6
남자,15-64세,9위,추락,695,4
남자,15-64세,10위,정신활성 물질 사용에 의한 정신 및 행동 장애 ,575,3
남자,15-39세,1위,고의적 자해(자살),2327,30
남자,15-39세,2위,악성신생물,471,6
남자,15-39세,3위,운수 사고,353,5
남자,15-39세,4위,심장 질환,237,3
남자,15-39세,5위,뇌혈관 질환,137,2
남자,15-39세,6위,간의 질환,135,2
남자,15-39세,7위,당뇨병,75,1
남자,15-39세,8위,추락,59,1
남자,15-39세,9위,폐렴,52,1
남자,15-39세,10위,불의의 물에 빠짐(익사),36,1
남자,40-64세,1위,악성신생물,12281,118
남자,40-64세,2위,고의적 자해(자살),5473,53
남자,40-64세,3위,심장 질환,3795,37
남자,40-64세,4위,간의 질환,3280,32
남자,40-64세,5위,뇌혈관 질환,2357,23
남자,40-64세,6위,당뇨병,1340,13
남자,40-64세,7위,폐렴,1019,10
남자,40-64세,8위,운수 사고,907,9
남자,40-64세,9위,추락,636,6
남자,40-64세,10위,정신활성 물질 사용에 의한 정신 및 행동 장애 ,563,5
남자,65세 이상,1위,악성신생물,41838,949
남자,65세 이상,2위,폐렴,14542,330
남자,65세 이상,3위,심장 질환,12759,290
남자,65세 이상,4위,뇌혈관 질환,9721,221
남자,65세 이상,5위,당뇨병,4476,102
남자,65세 이상,6위,만성 하기도 질환,3967,90
남자,65세 이상,7위,알쯔하이머병,3697,84
남자,65세 이상,8위,고의적 자해(자살),2768,63
남자,65세 이상,9위,패혈증,2759,63
남자,65세 이상,10위,고혈압성 질환,2581,59
남자,65-74세,1위,악성신생물,15780,564
남자,65-74세,2위,심장 질환,3407,122
남자,65-74세,3위,뇌혈관 질환,2541,91
남자,65-74세,4위,폐렴,2021,72
남자,65-74세,5위,고의적 자해(자살),1395,50
남자,65-74세,6위,당뇨병,1346,48
남자,65-74세,7위,간의 질환,1156,41
남자,65-74세,8위,만성 하기도 질환,711,25
남자,65-74세,9위,운수 사고,565,20
남자,65-74세,10위,추락,513,18
남자,75세 이상,1위,악성신생물,26058,1618
남자,75세 이상,2위,폐렴,12521,777
남자,75세 이상,3위,심장 질환,9352,581
남자,75세 이상,4위,뇌혈관 질환,7180,446
남자,75세 이상,5위,알쯔하이머병,3325,206
남자,75세 이상,6위,만성 하기도 질환,3256,202
남자,75세 이상,7위,당뇨병,3130,194
남자,75세 이상,8위,패혈증,2264,141
남자,75세 이상,9위,고혈압성 질환,2154,134
남자,75세 이상,10위,코로나19,1386,86
여자,전체,1위,악성신생물,34285,134
여자,전체,2위,심장 질환,16734,65
여자,전체,3위,폐렴,14481,57
여자,전체,4위,뇌혈관 질환,12393,48
여자,전체,5위,알쯔하이머병,8411,33
여자,전체,6위,고혈압성 질환,5260,21
여자,전체,7위,당뇨병,5173,20
여자,전체,8위,패혈증,4649,18
여자,전체,9위,고의적 자해(자살),4267,17
여자,전체,10위,간의 질환,2255,9
여자,0세,1위,출생전후기에 기원한 특정 병태,108,96
여자,0세,2위,선천 기형 변형 및 염색체 이상,43,38
여자,0세,3위,영아 급사 증후군,16,14
여자,0세,4위,심장 질환,8,7
여자,0세,5위,가해(타살),6,5
여자,0세,6위,악성신생물,4,4
여자,0세,7위,폐렴,4,4
여자,0세,8위,패혈증,2,2
여자,0세,9위,뇌혈관 질환,2,2
여자,0세,10위,감염성 기원으로 추정되는 설사 및 위장염 ,1,1
여자,1-9세,1위,악성신생물,23,2
여자,1-9세,2위,선천 기형 변형 및 염색체 이상,15,1
여자,1-9세,3위,가해(타살),15,1
여자,1-9세,4위,심장 질환,9,1
여자,1-9세,5위,운수 사고,8,1
여자,1-9세,6위,출생전후기에 기원한 특정 병태,4,0
여자,1-9세,7위,인플루엔자,3,0
여자,1-9세,8위,기타 급성 하기도 감염,3,0
여자,1-9세,9위,폐렴,2,0
여자,1-9세,10위,불의의 물에 빠짐(익사),2,0
여자,10-19세,1위,고의적 자해(자살),196,9
여자,10-19세,2위,악성신생물,37,2
여자,10-19세,3위,운수 사고,18,1
여자,10-19세,4위,선천 기형 변형 및 염색체 이상,10,0
여자,10-19세,5위,심장 질환,9,0
여자,10-19세,6위,가해(타살),7,0
여자,10-19세,7위,뇌혈관 질환,4,0
여자,10-19세,8위,패혈증,3,0
여자,10-19세,9위,인플루엔자,3,0
여자,10-19세,10위,폐렴,2,0
여자,20-29세,1위,고의적 자해(자살),531,18
여자,20-29세,2위,악성신생물,131,5
여자,20-29세,3위,운수 사고,32,1
여자,20-29세,4위,뇌혈관 질환,28,1
여자,20-29세,5위,심장 질환,18,1
여자,20-29세,6위,가해(타살),13,0
여자,20-29세,7위,폐렴,10,0
여자,20-29세,8위,간의 질환,10,0
여자,20-29세,9위,당뇨병,9,0
여자,20-29세,10위,선천 기형 변형 및 염색체 이상,9,0
여자,30-39세,1위,고의적 자해(자살),642,20
여자,30-39세,2위,악성신생물,381,12
여자,30-39세,3위,간의 질환,88,3
여자,30-39세,4위,뇌혈관 질환,56,2
여자,30-39세,5위,심장 질환,48,2
여자,30-39세,6위,운수 사고,34,1
여자,30-39세,7위,당뇨병,27,1
여자,30-39세,8위,폐렴,19,1
여자,30-39세,9위,가해(타살),13,0
여자,30-39세,10위,기타 직접 산과적 사망,10,0
여자,40-49세,1위,악성신생물,1388,36
여자,40-49세,2위,고의적 자해(자살),798,21
여자,40-49세,3위,간의 질환,296,8
여자,40-49세,4위,뇌혈관 질환,204,5
여자,40-49세,5위,심장 질환,166,4
여자,40-49세,6위,운수 사고,53,1
여자,40-49세,7위,당뇨병,52,1
여자,40-49세,8위,폐렴,52,1
여자,40-49세,9위,정신활성 물질 사용에 의한 정신 및 행동 장애 ,26,1
여자,40-49세,10위,패혈증,24,1
여자,50-59세,1위,악성신생물,3751,88
여자,50-59세,2위,고의적 자해(자살),762,18
여자,50-59세,3위,뇌혈관 질환,441,10
여자,50-59세,4위,간의 질환,352,8
여자,50-59세,5위,심장 질환,311,7
여자,50-59세,6위,당뇨병,162,4
여자,50-59세,7위,폐렴,128,3
여자,50-59세,8위,운수 사고,106,3
여자,50-59세,9위,추락,56,1
여자,50-59세,10위,패혈증,53,1
여자,60-69세,1위,악성신생물,6244,160
여자,60-69세,2위,심장 질환,862,22
여자,60-69세,3위,뇌혈관 질환,858,22
여자,60-69세,4위,고의적 자해(자살),580,15
여자,60-69세,5위,당뇨병,420,11
여자,60-69세,6위,폐렴,392,10
여자,60-69세,7위,간의 질환,350,9
여자,60-69세,8위,운수 사고,187,5
여자,60-69세,9위,패혈증,184,5
여자,60-69세,10위,알쯔하이머병,127,3
여자,70-79세,1위,악성신생물,8059,367
여자,70-79세,2위,심장 질환,2111,96
여자,70-79세,3위,뇌혈관 질환,2011,92
여자,70-79세,4위,폐렴,1485,68
여자,70-79세,5위,당뇨병,932,43
여자,70-79세,6위,패혈증,653,30
여자,70-79세,7위,알쯔하이머병,561,26
여자,70-79세,8위,고혈압성 질환,474,22
여자,70-79세,9위,간의 질환,404,18
여자,70-79세,10위,고의적 자해(자살),383,18
여자,80세 이상,1위,악성신생물,14264,917
여자,80세 이상,2위,심장 질환,13191,848
여자,80세 이상,3위,폐렴,12381,796
여자,80세 이상,4위,뇌혈관 질환,8786,565
여자,80세 이상,5위,알쯔하이머병,7700,495
여자,80세 이상,6위,고혈압성 질환,4647,299
여자,80세 이상,7위,패혈증,3723,239
여자,80세 이상,8위,당뇨병,3569,229
여자,80세 이상,9위,만성 하기도 질환,1687,108
여자,80세 이상,10위,코로나19,1185,76
여자,15세 미만,1위,출생전후기에 기원한 특정 병태,112,4
여자,15세 미만,2위,선천 기형 변형 및 염색체 이상,64,2
여자,15세 미만,3위,고의적 자해(자살),45,2
여자,15세 미만,4위,악성신생물,43,2
여자,15세 미만,5위,가해(타살),22,1
여자,15세 미만,6위,심장 질환,21,1
여자,15세 미만,7위,영아 급사 증후군,16,1
여자,15세 미만,8위,운수 사고,12,0
여자,15세 미만,9위,폐렴,7,0
여자,15세 미만,10위,인플루엔자,6,0
여자,15-64세,1위,악성신생물,8498,49
여자,15-64세,2위,고의적 자해(자살),3215,19
여자,15-64세,3위,뇌혈관 질환,1054,6
여자,15-64세,4위,간의 질환,915,5
여자,15-64세,5위,심장 질환,867,5
여자,15-64세,6위,당뇨병,427,3
여자,15-64세,7위,폐렴,336,2
여자,15-64세,8위,운수 사고,318,2
여자,15-64세,9위,패혈증,155,1
여자,15-64세,10위,추락,134,1
여자,15-39세,1위,고의적 자해(자살),1324,19
여자,15-39세,2위,악성신생물,533,7
여자,15-39세,3위,간의 질환,98,1
여자,15-39세,4위,뇌혈관 질환,86,1
여자,15-39세,5위,운수 사고,80,1
여자,15-39세,6위,심장 질환,71,1
여자,15-39세,7위,당뇨병,37,1
여자,15-39세,8위,가해(타살),32,0
여자,15-39세,9위,폐렴,30,0
여자,15-39세,10위,추락,16,0
여자,40-64세,1위,악성신생물,7965,78
여자,40-64세,2위,고의적 자해(자살),1891,19
여자,40-64세,3위,뇌혈관 질환,968,10
여자,40-64세,4위,간의 질환,817,8
여자,40-64세,5위,심장 질환,796,8
여자,40-64세,6위,당뇨병,390,4
여자,40-64세,7위,폐렴,306,3
여자,40-64세,8위,운수 사고,238,2
여자,40-64세,9위,패혈증,146,1
여자,40-64세,10위,추락,118,1
여자,65세 이상,1위,악성신생물,25741,464
여자,65세 이상,2위,심장 질환,15845,286
여자,65세 이상,3위,폐렴,14132,255
여자,65세 이상,4위,뇌혈관 질환,11332,204
여자,65세 이상,5위,알쯔하이머병,8346,150
여자,65세 이상,6위,고혈압성 질환,5193,94
여자,65세 이상,7위,당뇨병,4745,86
여자,65세 이상,8위,패혈증,4491,81
여자,65세 이상,9위,만성 하기도 질환,2055,37
여자,65세 이상,10위,코로나19,1424,26
여자,65-74세,1위,악성신생물,7035,232
여자,65-74세,2위,심장 질환,1265,42
여자,65-74세,3위,뇌혈관 질환,1237,41
여자,65-74세,4위,폐렴,734,24
여자,65-74세,5위,당뇨병,581,19
여자,65-74세,6위,고의적 자해(자살),442,15
여자,65-74세,7위,패혈증,353,12
여자,65-74세,8위,간의 질환,343,11
여자,65-74세,9위,운수 사고,240,8
여자,65-74세,10위,고혈압성 질환,233,8
여자,75세 이상,1위,악성신생물,18706,743
여자,75세 이상,2위,심장 질환,14580,579
여자,75세 이상,3위,폐렴,13398,532
여자,75세 이상,4위,뇌혈관 질환,10095,401
여자,75세 이상,5위,알쯔하이머병,8120,323
여자,75세 이상,6위,고혈압성 질환,4960,197
여자,75세 이상,7위,당뇨병,4164,165
여자,75세 이상,8위,패혈증,4138,164
여자,75세 이상,9위,만성 하기도 질환,1870,74
여자,75세 이상,10위,코로나19,1308,52
